RecordID,Country,Region,Year,Gender,Demographics Response,Question,Value
3,Angola,Central Africa,2015,F,Urban,... if she burns the food,6.9
3,Angola,Central Africa,2015,F,Rural,... if she burns the food,19.0
3,Angola,Central Africa,2015,M,Urban,... if she burns the food,4.9
3,Angola,Central Africa,2015,M,Rural,... if she burns the food,8.9
353,Angola,Central Africa,2015,F,Rural,... for at least one specific reason,37.4
353,Angola,Central Africa,2015,F,Urban,... for at least one specific reason,19.8
73,Angola,Central Africa,2015,F,Rural,... if she argues with him,26.2
73,Angola,Central Africa,2015,F,Urban,... if she argues with him,10.4
143,Angola,Central Africa,2015,F,Rural,... if she goes out without telling him,22.9
143,Angola,Central Africa,2015,F,Urban,... if she goes out without telling him,10.8
213,Angola,Central Africa,2015,F,Rural,... if she neglects the children,24.7
213,Angola,Central Africa,2015,F,Urban,... if she neglects the children,12.6
283,Angola,Central Africa,2015,F,Rural,... if she refuses to have sex with him,21.3
283,Angola,Central Africa,2015,F,Urban,... if she refuses to have sex with him,7.2
353,Angola,Central Africa,2015,M,Rural,... for at least one specific reason,26.7
353,Angola,Central Africa,2015,M,Urban,... for at least one specific reason,17.5
73,Angola,Central Africa,2015,M,Rural,... if she argues with him,15.7
73,Angola,Central Africa,2015,M,Urban,... if she argues with him,8.9
143,Angola,Central Africa,2015,M,Rural,... if she goes out without telling him,11.2
143,Angola,Central Africa,2015,M,Urban,... if she goes out without telling him,7.1
213,Angola,Central Africa,2015,M,Rural,... if she neglects the children,18.0
213,Angola,Central Africa,2015,M,Urban,... if she neglects the children,9.2
283,Angola,Central Africa,2015,M,Rural,... if she refuses to have sex with him,9.3
283,Angola,Central Africa,2015,M,Urban,... if she refuses to have sex with him,4.1
7,Benin,West Africa,2017,F,Urban,... if she burns the food,11.2
7,Benin,West Africa,2017,F,Rural,... if she burns the food,15.9
7,Benin,West Africa,2017,M,Urban,... if she burns the food,3.7
7,Benin,West Africa,2017,M,Rural,... if she burns the food,9.2
357,Benin,West Africa,2017,F,Rural,... for at least one specific reason,36.6
357,Benin,West Africa,2017,F,Urban,... for at least one specific reason,25.4
77,Benin,West Africa,2017,F,Rural,... if she argues with him,24.3
77,Benin,West Africa,2017,F,Urban,... if she argues with him,16.2
147,Benin,West Africa,2017,F,Rural,... if she goes out without telling him,24.5
147,Benin,West Africa,2017,F,Urban,... if she goes out without telling him,16.9
217,Benin,West Africa,2017,F,Rural,... if she neglects the children,26.0
217,Benin,West Africa,2017,F,Urban,... if she neglects the children,18.0
287,Benin,West Africa,2017,F,Rural,... if she refuses to have sex with him,14.4
287,Benin,West Africa,2017,F,Urban,... if she refuses to have sex with him,10.6
357,Benin,West Africa,2017,M,Rural,... for at least one specific reason,19.0
357,Benin,West Africa,2017,M,Urban,... for at least one specific reason,10.8
77,Benin,West Africa,2017,M,Rural,... if she argues with him,12.7
77,Benin,West Africa,2017,M,Urban,... if she argues with him,5.7
147,Benin,West Africa,2017,M,Rural,... if she goes out without telling him,10.4
147,Benin,West Africa,2017,M,Urban,... if she goes out without telling him,6.7
217,Benin,West Africa,2017,M,Rural,... if she neglects the children,12.1
217,Benin,West Africa,2017,M,Urban,... if she neglects the children,5.7
287,Benin,West Africa,2017,M,Rural,... if she refuses to have sex with him,8.8
287,Benin,West Africa,2017,M,Urban,... if she refuses to have sex with him,4.6
9,Burkina Faso,West Africa,2010,F,Urban,... if she burns the food,5.9
9,Burkina Faso,West Africa,2010,F,Rural,... if she burns the food,11.2
9,Burkina Faso,West Africa,2010,M,Urban,... if she burns the food,6.2
9,Burkina Faso,West Africa,2010,M,Rural,... if she burns the food,8.0
359,Burkina Faso,West Africa,2010,F,Rural,... for at least one specific reason,47.0
359,Burkina Faso,West Africa,2010,F,Urban,... for at least one specific reason,33.9
79,Burkina Faso,West Africa,2010,F,Rural,... if she argues with him,34.5
79,Burkina Faso,West Africa,2010,F,Urban,... if she argues with him,20.9
149,Burkina Faso,West Africa,2010,F,Rural,... if she goes out without telling him,34.3
149,Burkina Faso,West Africa,2010,F,Urban,... if she goes out without telling him,19.6
219,Burkina Faso,West Africa,2010,F,Rural,... if she neglects the children,33.3
219,Burkina Faso,West Africa,2010,F,Urban,... if she neglects the children,22.6
289,Burkina Faso,West Africa,2010,F,Rural,... if she refuses to have sex with him,22.5
289,Burkina Faso,West Africa,2010,F,Urban,... if she refuses to have sex with him,12.0
359,Burkina Faso,West Africa,2010,M,Rural,... for at least one specific reason,38.9
359,Burkina Faso,West Africa,2010,M,Urban,... for at least one specific reason,22.8
79,Burkina Faso,West Africa,2010,M,Rural,... if she argues with him,23.3
79,Burkina Faso,West Africa,2010,M,Urban,... if she argues with him,12.3
149,Burkina Faso,West Africa,2010,M,Rural,... if she goes out without telling him,20.9
149,Burkina Faso,West Africa,2010,M,Urban,... if she goes out without telling him,10.1
219,Burkina Faso,West Africa,2010,M,Rural,... if she neglects the children,22.6
219,Burkina Faso,West Africa,2010,M,Urban,... if she neglects the children,14.1
289,Burkina Faso,West Africa,2010,M,Rural,... if she refuses to have sex with him,13.2
289,Burkina Faso,West Africa,2010,M,Urban,... if she refuses to have sex with him,5.4
10,Burundi,East Africa,2016,F,Urban,... if she burns the food,11.1
10,Burundi,East Africa,2016,F,Rural,... if she burns the food,23.6
10,Burundi,East Africa,2016,M,Urban,... if she burns the food,2.4
10,Burundi,East Africa,2016,M,Rural,... if she burns the food,5.4
360,Burundi,East Africa,2016,F,Rural,... for at least one specific reason,64.0
360,Burundi,East Africa,2016,F,Urban,... for at least one specific reason,46.5
80,Burundi,East Africa,2016,F,Rural,... if she argues with him,32.1
80,Burundi,East Africa,2016,F,Urban,... if she argues with him,17.0
150,Burundi,East Africa,2016,F,Rural,... if she goes out without telling him,41.2
150,Burundi,East Africa,2016,F,Urban,... if she goes out without telling him,25.8
220,Burundi,East Africa,2016,F,Rural,... if she neglects the children,53.6
220,Burundi,East Africa,2016,F,Urban,... if she neglects the children,39.2
290,Burundi,East Africa,2016,F,Rural,... if she refuses to have sex with him,44.1
290,Burundi,East Africa,2016,F,Urban,... if she refuses to have sex with him,25.9
360,Burundi,East Africa,2016,M,Rural,... for at least one specific reason,36.5
360,Burundi,East Africa,2016,M,Urban,... for at least one specific reason,26.1
80,Burundi,East Africa,2016,M,Rural,... if she argues with him,10.9
80,Burundi,East Africa,2016,M,Urban,... if she argues with him,6.1
150,Burundi,East Africa,2016,M,Rural,... if she goes out without telling him,18.1
150,Burundi,East Africa,2016,M,Urban,... if she goes out without telling him,12.1
220,Burundi,East Africa,2016,M,Rural,... if she neglects the children,27.2
220,Burundi,East Africa,2016,M,Urban,... if she neglects the children,19.9
290,Burundi,East Africa,2016,M,Rural,... if she refuses to have sex with him,14.4
290,Burundi,East Africa,2016,M,Urban,... if she refuses to have sex with him,8.1
12,Cameroon,Central Africa,2011,F,Urban,... if she burns the food,8.6
12,Cameroon,Central Africa,2011,F,Rural,... if she burns the food,19.5
12,Cameroon,Central Africa,2011,M,Urban,... if she burns the food,5.9
12,Cameroon,Central Africa,2011,M,Rural,... if she burns the food,12.9
362,Cameroon,Central Africa,2011,F,Rural,... for at least one specific reason,53.9
362,Cameroon,Central Africa,2011,F,Urban,... for at least one specific reason,40.1
82,Cameroon,Central Africa,2011,F,Rural,... if she argues with him,28.1
82,Cameroon,Central Africa,2011,F,Urban,... if she argues with him,14.4
152,Cameroon,Central Africa,2011,F,Rural,... if she goes out without telling him,34.3
152,Cameroon,Central Africa,2011,F,Urban,... if she goes out without telling him,19.9
222,Cameroon,Central Africa,2011,F,Rural,... if she neglects the children,42.4
222,Cameroon,Central Africa,2011,F,Urban,... if she neglects the children,33.1
292,Cameroon,Central Africa,2011,F,Rural,... if she refuses to have sex with him,20.7
292,Cameroon,Central Africa,2011,F,Urban,... if she refuses to have sex with him,8.4
362,Cameroon,Central Africa,2011,M,Rural,... for at least one specific reason,43.5
362,Cameroon,Central Africa,2011,M,Urban,... for at least one specific reason,34.9
82,Cameroon,Central Africa,2011,M,Rural,... if she argues with him,22.8
82,Cameroon,Central Africa,2011,M,Urban,... if she argues with him,13.6
152,Cameroon,Central Africa,2011,M,Rural,... if she goes out without telling him,27.0
152,Cameroon,Central Africa,2011,M,Urban,... if she goes out without telling him,16.7
222,Cameroon,Central Africa,2011,M,Rural,... if she neglects the children,32.3
222,Cameroon,Central Africa,2011,M,Urban,... if she neglects the children,26.2
292,Cameroon,Central Africa,2011,M,Rural,... if she refuses to have sex with him,11.6
292,Cameroon,Central Africa,2011,M,Urban,... if she refuses to have sex with him,4.6
13,Chad,Central Africa,2014,F,Urban,... if she burns the food,45.9
13,Chad,Central Africa,2014,F,Rural,... if she burns the food,49.4
13,Chad,Central Africa,2014,M,Urban,... if she burns the food,21.6
13,Chad,Central Africa,2014,M,Rural,... if she burns the food,30.0
363,Chad,Central Africa,2014,F,Rural,... for at least one specific reason,73.5
363,Chad,Central Africa,2014,F,Urban,... for at least one specific reason,73.8
83,Chad,Central Africa,2014,F,Rural,... if she argues with him,50.2
83,Chad,Central Africa,2014,F,Urban,... if she argues with him,48.4
153,Chad,Central Africa,2014,F,Rural,... if she goes out without telling him,59.9
153,Chad,Central Africa,2014,F,Urban,... if she goes out without telling him,56.2
223,Chad,Central Africa,2014,F,Rural,... if she neglects the children,60.1
223,Chad,Central Africa,2014,F,Urban,... if she neglects the children,58.8
293,Chad,Central Africa,2014,F,Rural,... if she refuses to have sex with him,42.6
293,Chad,Central Africa,2014,F,Urban,... if she refuses to have sex with him,34.2
363,Chad,Central Africa,2014,M,Rural,... for at least one specific reason,51.6
363,Chad,Central Africa,2014,M,Urban,... for at least one specific reason,47.9
83,Chad,Central Africa,2014,M,Rural,... if she argues with him,23.3
83,Chad,Central Africa,2014,M,Urban,... if she argues with him,19.8
153,Chad,Central Africa,2014,M,Rural,... if she goes out without telling him,28.9
153,Chad,Central Africa,2014,M,Urban,... if she goes out without telling him,26.3
223,Chad,Central Africa,2014,M,Rural,... if she neglects the children,38.0
223,Chad,Central Africa,2014,M,Urban,... if she neglects the children,34.6
293,Chad,Central Africa,2014,M,Rural,... if she refuses to have sex with him,26.1
293,Chad,Central Africa,2014,M,Urban,... if she refuses to have sex with him,18.2
15,Comoros,East Africa,2012,F,Urban,... if she burns the food,7.1
15,Comoros,East Africa,2012,F,Rural,... if she burns the food,15.5
15,Comoros,East Africa,2012,M,Urban,... if she burns the food,2.3
15,Comoros,East Africa,2012,M,Rural,... if she burns the food,3.5
365,Comoros,East Africa,2012,F,Rural,... for at least one specific reason,43.3
365,Comoros,East Africa,2012,F,Urban,... for at least one specific reason,30.3
85,Comoros,East Africa,2012,F,Rural,... if she argues with him,18.0
85,Comoros,East Africa,2012,F,Urban,... if she argues with him,11.0
155,Comoros,East Africa,2012,F,Rural,... if she goes out without telling him,31.3
155,Comoros,East Africa,2012,F,Urban,... if she goes out without telling him,22.5
225,Comoros,East Africa,2012,F,Rural,... if she neglects the children,32.7
225,Comoros,East Africa,2012,F,Urban,... if she neglects the children,23.8
295,Comoros,East Africa,2012,F,Rural,... if she refuses to have sex with him,23.4
295,Comoros,East Africa,2012,F,Urban,... if she refuses to have sex with him,13.1
365,Comoros,East Africa,2012,M,Rural,... for at least one specific reason,18.9
365,Comoros,East Africa,2012,M,Urban,... for at least one specific reason,14.3
85,Comoros,East Africa,2012,M,Rural,... if she argues with him,7.7
85,Comoros,East Africa,2012,M,Urban,... if she argues with him,5.1
155,Comoros,East Africa,2012,M,Rural,... if she goes out without telling him,7.8
155,Comoros,East Africa,2012,M,Urban,... if she goes out without telling him,5.5
225,Comoros,East Africa,2012,M,Rural,... if she neglects the children,9.3
225,Comoros,East Africa,2012,M,Urban,... if she neglects the children,5.5
295,Comoros,East Africa,2012,M,Rural,... if she refuses to have sex with him,8.3
295,Comoros,East Africa,2012,M,Urban,... if she refuses to have sex with him,7.5
16,Congo,Central Africa,2011,F,Rural,... if she burns the food,
16,Congo,Central Africa,2011,F,Urban,... if she burns the food,
16,Congo,Central Africa,2011,M,Rural,... if she burns the food,
16,Congo,Central Africa,2011,M,Urban,... if she burns the food,
366,Congo,Central Africa,2011,F,Rural,... for at least one specific reason,60.9
366,Congo,Central Africa,2011,F,Urban,... for at least one specific reason,60.6
86,Congo,Central Africa,2011,F,Rural,... if she argues with him,
86,Congo,Central Africa,2011,F,Urban,... if she argues with him,
156,Congo,Central Africa,2011,F,Rural,... if she goes out without telling him,42.3
156,Congo,Central Africa,2011,F,Urban,... if she goes out without telling him,40.2
226,Congo,Central Africa,2011,F,Rural,... if she neglects the children,46.9
226,Congo,Central Africa,2011,F,Urban,... if she neglects the children,46.7
296,Congo,Central Africa,2011,F,Rural,... if she refuses to have sex with him,33.3
296,Congo,Central Africa,2011,F,Urban,... if she refuses to have sex with him,23.1
366,Congo,Central Africa,2011,M,Rural,... for at least one specific reason,43.1
366,Congo,Central Africa,2011,M,Urban,... for at least one specific reason,42.7
86,Congo,Central Africa,2011,M,Rural,... if she argues with him,
86,Congo,Central Africa,2011,M,Urban,... if she argues with him,
156,Congo,Central Africa,2011,M,Rural,... if she goes out without telling him,25.1
156,Congo,Central Africa,2011,M,Urban,... if she goes out without telling him,21.0
226,Congo,Central Africa,2011,M,Rural,... if she neglects the children,29.8
226,Congo,Central Africa,2011,M,Urban,... if she neglects the children,31.7
296,Congo,Central Africa,2011,M,Rural,... if she refuses to have sex with him,16.8
296,Congo,Central Africa,2011,M,Urban,... if she refuses to have sex with him,11.6
17,Congo Democratic Republic,Central Africa,2013,F,Urban,... if she burns the food,20.8
17,Congo Democratic Republic,Central Africa,2013,F,Rural,... if she burns the food,26.6
17,Congo Democratic Republic,Central Africa,2013,M,Urban,... if she burns the food,11.7
17,Congo Democratic Republic,Central Africa,2013,M,Rural,... if she burns the food,17.2
367,Congo Democratic Republic,Central Africa,2013,F,Rural,... for at least one specific reason,75.7
367,Congo Democratic Republic,Central Africa,2013,F,Urban,... for at least one specific reason,73.2
87,Congo Democratic Republic,Central Africa,2013,F,Rural,... if she argues with him,60.0
87,Congo Democratic Republic,Central Africa,2013,F,Urban,... if she argues with him,54.0
157,Congo Democratic Republic,Central Africa,2013,F,Rural,... if she goes out without telling him,51.6
157,Congo Democratic Republic,Central Africa,2013,F,Urban,... if she goes out without telling him,45.1
227,Congo Democratic Republic,Central Africa,2013,F,Rural,... if she neglects the children,51.4
227,Congo Democratic Republic,Central Africa,2013,F,Urban,... if she neglects the children,51.5
297,Congo Democratic Republic,Central Africa,2013,F,Rural,... if she refuses to have sex with him,48.4
297,Congo Democratic Republic,Central Africa,2013,F,Urban,... if she refuses to have sex with him,35.6
367,Congo Democratic Republic,Central Africa,2013,M,Rural,... for at least one specific reason,61.4
367,Congo Democratic Republic,Central Africa,2013,M,Urban,... for at least one specific reason,60.4
87,Congo Democratic Republic,Central Africa,2013,M,Rural,... if she argues with him,44.2
87,Congo Democratic Republic,Central Africa,2013,M,Urban,... if she argues with him,38.9
157,Congo Democratic Republic,Central Africa,2013,M,Rural,... if she goes out without telling him,34.7
157,Congo Democratic Republic,Central Africa,2013,M,Urban,... if she goes out without telling him,29.0
227,Congo Democratic Republic,Central Africa,2013,M,Rural,... if she neglects the children,40.3
227,Congo Democratic Republic,Central Africa,2013,M,Urban,... if she neglects the children,39.8
297,Congo Democratic Republic,Central Africa,2013,M,Rural,... if she refuses to have sex with him,27.7
297,Congo Democratic Republic,Central Africa,2013,M,Urban,... if she refuses to have sex with him,16.1
18,Cote d'Ivoire,West Africa,2011,F,Urban,... if she burns the food,12.8
18,Cote d'Ivoire,West Africa,2011,F,Rural,... if she burns the food,20.1
18,Cote d'Ivoire,West Africa,2011,M,Rural,... if she burns the food,12.3
18,Cote d'Ivoire,West Africa,2011,M,Urban,... if she burns the food,12.8
368,Cote d'Ivoire,West Africa,2011,F,Rural,... for at least one specific reason,53.1
368,Cote d'Ivoire,West Africa,2011,F,Urban,... for at least one specific reason,43.0
88,Cote d'Ivoire,West Africa,2011,F,Rural,... if she argues with him,39.7
88,Cote d'Ivoire,West Africa,2011,F,Urban,... if she argues with him,29.2
158,Cote d'Ivoire,West Africa,2011,F,Rural,... if she goes out without telling him,32.6
158,Cote d'Ivoire,West Africa,2011,F,Urban,... if she goes out without telling him,20.8
228,Cote d'Ivoire,West Africa,2011,F,Rural,... if she neglects the children,36.6
228,Cote d'Ivoire,West Africa,2011,F,Urban,... if she neglects the children,29.1
298,Cote d'Ivoire,West Africa,2011,F,Rural,... if she refuses to have sex with him,26.5
298,Cote d'Ivoire,West Africa,2011,F,Urban,... if she refuses to have sex with him,16.8
368,Cote d'Ivoire,West Africa,2011,M,Rural,... for at least one specific reason,43.7
368,Cote d'Ivoire,West Africa,2011,M,Urban,... for at least one specific reason,40.3
88,Cote d'Ivoire,West Africa,2011,M,Rural,... if she argues with him,28.1
88,Cote d'Ivoire,West Africa,2011,M,Urban,... if she argues with him,23.4
158,Cote d'Ivoire,West Africa,2011,M,Rural,... if she goes out without telling him,25.3
158,Cote d'Ivoire,West Africa,2011,M,Urban,... if she goes out without telling him,18.9
228,Cote d'Ivoire,West Africa,2011,M,Rural,... if she neglects the children,29.5
228,Cote d'Ivoire,West Africa,2011,M,Urban,... if she neglects the children,28.0
298,Cote d'Ivoire,West Africa,2011,M,Rural,... if she refuses to have sex with him,14.7
298,Cote d'Ivoire,West Africa,2011,M,Urban,... if she refuses to have sex with him,9.0
20,Egypt,North Africa,2014,F,Urban,... if she burns the food,3.2
20,Egypt,North Africa,2014,F,Rural,... if she burns the food,9.0
20,Egypt,North Africa,2014,M,Rural,... if she burns the food,
20,Egypt,North Africa,2014,M,Urban,... if she burns the food,
370,Egypt,North Africa,2014,F,Rural,... for at least one specific reason,43.9
370,Egypt,North Africa,2014,F,Urban,... for at least one specific reason,20.3
90,Egypt,North Africa,2014,F,Rural,... if she argues with him,16.3
90,Egypt,North Africa,2014,F,Urban,... if she argues with him,6.2
160,Egypt,North Africa,2014,F,Rural,... if she goes out without telling him,31.7
160,Egypt,North Africa,2014,F,Urban,... if she goes out without telling him,14.0
230,Egypt,North Africa,2014,F,Rural,... if she neglects the children,30.1
230,Egypt,North Africa,2014,F,Urban,... if she neglects the children,13.0
300,Egypt,North Africa,2014,F,Rural,... if she refuses to have sex with him,25.1
300,Egypt,North Africa,2014,F,Urban,... if she refuses to have sex with him,10.2
370,Egypt,North Africa,2014,M,Rural,... for at least one specific reason,
370,Egypt,North Africa,2014,M,Urban,... for at least one specific reason,
90,Egypt,North Africa,2014,M,Rural,... if she argues with him,
90,Egypt,North Africa,2014,M,Urban,... if she argues with him,
160,Egypt,North Africa,2014,M,Rural,... if she goes out without telling him,
160,Egypt,North Africa,2014,M,Urban,... if she goes out without telling him,
230,Egypt,North Africa,2014,M,Rural,... if she neglects the children,
230,Egypt,North Africa,2014,M,Urban,... if she neglects the children,
300,Egypt,North Africa,2014,M,Rural,... if she refuses to have sex with him,
300,Egypt,North Africa,2014,M,Urban,... if she refuses to have sex with him,
21,Eritrea,East Africa,2002,F,Urban,... if she burns the food,22.2
21,Eritrea,East Africa,2002,F,Rural,... if she burns the food,34.4
21,Eritrea,East Africa,2002,M,Rural,... if she burns the food,
21,Eritrea,East Africa,2002,M,Urban,... if she burns the food,
371,Eritrea,East Africa,2002,F,Rural,... for at least one specific reason,77.9
371,Eritrea,East Africa,2002,F,Urban,... for at least one specific reason,61.1
91,Eritrea,East Africa,2002,F,Rural,... if she argues with him,55.3
91,Eritrea,East Africa,2002,F,Urban,... if she argues with him,30.4
161,Eritrea,East Africa,2002,F,Rural,... if she goes out without telling him,61.0
161,Eritrea,East Africa,2002,F,Urban,... if she goes out without telling him,39.2
231,Eritrea,East Africa,2002,F,Rural,... if she neglects the children,56.5
231,Eritrea,East Africa,2002,F,Urban,... if she neglects the children,43.7
301,Eritrea,East Africa,2002,F,Rural,... if she refuses to have sex with him,58.1
301,Eritrea,East Africa,2002,F,Urban,... if she refuses to have sex with him,34.3
371,Eritrea,East Africa,2002,M,Rural,... for at least one specific reason,
371,Eritrea,East Africa,2002,M,Urban,... for at least one specific reason,
91,Eritrea,East Africa,2002,M,Rural,... if she argues with him,
91,Eritrea,East Africa,2002,M,Urban,... if she argues with him,
161,Eritrea,East Africa,2002,M,Rural,... if she goes out without telling him,
161,Eritrea,East Africa,2002,M,Urban,... if she goes out without telling him,
231,Eritrea,East Africa,2002,M,Rural,... if she neglects the children,
231,Eritrea,East Africa,2002,M,Urban,... if she neglects the children,
301,Eritrea,East Africa,2002,M,Rural,... if she refuses to have sex with him,
301,Eritrea,East Africa,2002,M,Urban,... if she refuses to have sex with him,
22,Eswatini,Southern Africa,2006,F,Urban,... if she burns the food,1.8
22,Eswatini,Southern Africa,2006,F,Rural,... if she burns the food,3.3
22,Eswatini,Southern Africa,2006,M,Urban,... if she burns the food,1.8
22,Eswatini,Southern Africa,2006,M,Rural,... if she burns the food,5.1
372,Eswatini,Southern Africa,2006,F,Rural,... for at least one specific reason,27.0
372,Eswatini,Southern Africa,2006,F,Urban,... for at least one specific reason,12.6
92,Eswatini,Southern Africa,2006,F,Rural,... if she argues with him,19.9
92,Eswatini,Southern Africa,2006,F,Urban,... if she argues with him,9.3
162,Eswatini,Southern Africa,2006,F,Rural,... if she goes out without telling him,11.1
162,Eswatini,Southern Africa,2006,F,Urban,... if she goes out without telling him,4.0
232,Eswatini,Southern Africa,2006,F,Rural,... if she neglects the children,13.0
232,Eswatini,Southern Africa,2006,F,Urban,... if she neglects the children,6.1
302,Eswatini,Southern Africa,2006,F,Rural,... if she refuses to have sex with him,3.9
302,Eswatini,Southern Africa,2006,F,Urban,... if she refuses to have sex with him,1.6
372,Eswatini,Southern Africa,2006,M,Rural,... for at least one specific reason,35.5
372,Eswatini,Southern Africa,2006,M,Urban,... for at least one specific reason,20.6
92,Eswatini,Southern Africa,2006,M,Rural,... if she argues with him,26.1
92,Eswatini,Southern Africa,2006,M,Urban,... if she argues with him,14.1
162,Eswatini,Southern Africa,2006,M,Rural,... if she goes out without telling him,17.0
162,Eswatini,Southern Africa,2006,M,Urban,... if she goes out without telling him,9.5
232,Eswatini,Southern Africa,2006,M,Rural,... if she neglects the children,17.4
232,Eswatini,Southern Africa,2006,M,Urban,... if she neglects the children,9.6
302,Eswatini,Southern Africa,2006,M,Rural,... if she refuses to have sex with him,4.2
302,Eswatini,Southern Africa,2006,M,Urban,... if she refuses to have sex with him,2.5
23,Ethiopia,East Africa,2016,F,Urban,... if she burns the food,16.3
23,Ethiopia,East Africa,2016,F,Rural,... if she burns the food,46.4
23,Ethiopia,East Africa,2016,M,Urban,... if she burns the food,3.8
23,Ethiopia,East Africa,2016,M,Rural,... if she burns the food,13.6
373,Ethiopia,East Africa,2016,F,Rural,... for at least one specific reason,69.8
373,Ethiopia,East Africa,2016,F,Urban,... for at least one specific reason,39.2
93,Ethiopia,East Africa,2016,F,Rural,... if she argues with him,48.1
93,Ethiopia,East Africa,2016,F,Urban,... if she argues with him,21.1
163,Ethiopia,East Africa,2016,F,Rural,... if she goes out without telling him,49.0
163,Ethiopia,East Africa,2016,F,Urban,... if she goes out without telling him,23.6
233,Ethiopia,East Africa,2016,F,Rural,... if she neglects the children,52.7
233,Ethiopia,East Africa,2016,F,Urban,... if she neglects the children,29.0
303,Ethiopia,East Africa,2016,F,Rural,... if she refuses to have sex with him,40.2
303,Ethiopia,East Africa,2016,F,Urban,... if she refuses to have sex with him,15.4
373,Ethiopia,East Africa,2016,M,Rural,... for at least one specific reason,30.8
373,Ethiopia,East Africa,2016,M,Urban,... for at least one specific reason,15.1
93,Ethiopia,East Africa,2016,M,Rural,... if she argues with him,18.4
93,Ethiopia,East Africa,2016,M,Urban,... if she argues with him,6.3
163,Ethiopia,East Africa,2016,M,Rural,... if she goes out without telling him,19.2
163,Ethiopia,East Africa,2016,M,Urban,... if she goes out without telling him,7.2
233,Ethiopia,East Africa,2016,M,Rural,... if she neglects the children,21.2
233,Ethiopia,East Africa,2016,M,Urban,... if she neglects the children,10.6
303,Ethiopia,East Africa,2016,M,Rural,... if she refuses to have sex with him,14.3
303,Ethiopia,East Africa,2016,M,Urban,... if she refuses to have sex with him,5.9
24,Gabon,Central Africa,2012,F,Urban,... if she burns the food,9.5
24,Gabon,Central Africa,2012,F,Rural,... if she burns the food,19.1
24,Gabon,Central Africa,2012,M,Urban,... if she burns the food,6.8
24,Gabon,Central Africa,2012,M,Rural,... if she burns the food,6.9
374,Gabon,Central Africa,2012,F,Rural,... for at least one specific reason,60.9
374,Gabon,Central Africa,2012,F,Urban,... for at least one specific reason,48.9
94,Gabon,Central Africa,2012,F,Rural,... if she argues with him,38.7
94,Gabon,Central Africa,2012,F,Urban,... if she argues with him,24.5
164,Gabon,Central Africa,2012,F,Rural,... if she goes out without telling him,33.3
164,Gabon,Central Africa,2012,F,Urban,... if she goes out without telling him,17.2
234,Gabon,Central Africa,2012,F,Rural,... if she neglects the children,49.7
234,Gabon,Central Africa,2012,F,Urban,... if she neglects the children,39.0
304,Gabon,Central Africa,2012,F,Rural,... if she refuses to have sex with him,16.2
304,Gabon,Central Africa,2012,F,Urban,... if she refuses to have sex with him,7.9
374,Gabon,Central Africa,2012,M,Rural,... for at least one specific reason,46.5
374,Gabon,Central Africa,2012,M,Urban,... for at least one specific reason,38.7
94,Gabon,Central Africa,2012,M,Rural,... if she argues with him,22.0
94,Gabon,Central Africa,2012,M,Urban,... if she argues with him,19.2
164,Gabon,Central Africa,2012,M,Rural,... if she goes out without telling him,16.3
164,Gabon,Central Africa,2012,M,Urban,... if she goes out without telling him,13.7
234,Gabon,Central Africa,2012,M,Rural,... if she neglects the children,35.4
234,Gabon,Central Africa,2012,M,Urban,... if she neglects the children,28.1
304,Gabon,Central Africa,2012,M,Rural,... if she refuses to have sex with him,6.7
304,Gabon,Central Africa,2012,M,Urban,... if she refuses to have sex with him,5.8
25,Gambia,West Africa,2013,F,Urban,... if she burns the food,4.8
25,Gambia,West Africa,2013,F,Rural,... if she burns the food,18.0
25,Gambia,West Africa,2013,M,Urban,... if she burns the food,4.2
25,Gambia,West Africa,2013,M,Rural,... if she burns the food,9.7
375,Gambia,West Africa,2013,F,Rural,... for at least one specific reason,72.7
375,Gambia,West Africa,2013,F,Urban,... for at least one specific reason,47.1
95,Gambia,West Africa,2013,F,Rural,... if she argues with him,37.2
95,Gambia,West Africa,2013,F,Urban,... if she argues with him,13.8
165,Gambia,West Africa,2013,F,Rural,... if she goes out without telling him,57.7
165,Gambia,West Africa,2013,F,Urban,... if she goes out without telling him,29.7
235,Gambia,West Africa,2013,F,Rural,... if she neglects the children,50.4
235,Gambia,West Africa,2013,F,Urban,... if she neglects the children,23.4
305,Gambia,West Africa,2013,F,Rural,... if she refuses to have sex with him,59.5
305,Gambia,West Africa,2013,F,Urban,... if she refuses to have sex with him,33.1
375,Gambia,West Africa,2013,M,Rural,... for at least one specific reason,40.8
375,Gambia,West Africa,2013,M,Urban,... for at least one specific reason,28.3
95,Gambia,West Africa,2013,M,Rural,... if she argues with him,15.6
95,Gambia,West Africa,2013,M,Urban,... if she argues with him,8.8
165,Gambia,West Africa,2013,M,Rural,... if she goes out without telling him,27.2
165,Gambia,West Africa,2013,M,Urban,... if she goes out without telling him,17.0
235,Gambia,West Africa,2013,M,Rural,... if she neglects the children,24.4
235,Gambia,West Africa,2013,M,Urban,... if she neglects the children,15.6
305,Gambia,West Africa,2013,M,Rural,... if she refuses to have sex with him,24.7
305,Gambia,West Africa,2013,M,Urban,... if she refuses to have sex with him,16.0
26,Ghana,West Africa,2014,F,Urban,... if she burns the food,4.5
26,Ghana,West Africa,2014,F,Rural,... if she burns the food,10.8
26,Ghana,West Africa,2014,M,Urban,... if she burns the food,2.0
26,Ghana,West Africa,2014,M,Rural,... if she burns the food,3.9
376,Ghana,West Africa,2014,F,Rural,... for at least one specific reason,36.7
376,Ghana,West Africa,2014,F,Urban,... for at least one specific reason,21.0
96,Ghana,West Africa,2014,F,Rural,... if she argues with him,22.2
96,Ghana,West Africa,2014,F,Urban,... if she argues with him,10.0
166,Ghana,West Africa,2014,F,Rural,... if she goes out without telling him,22.4
166,Ghana,West Africa,2014,F,Urban,... if she goes out without telling him,11.4
236,Ghana,West Africa,2014,F,Rural,... if she neglects the children,28.1
236,Ghana,West Africa,2014,F,Urban,... if she neglects the children,14.8
306,Ghana,West Africa,2014,F,Rural,... if she refuses to have sex with him,18.0
306,Ghana,West Africa,2014,F,Urban,... if she refuses to have sex with him,7.2
376,Ghana,West Africa,2014,M,Rural,... for at least one specific reason,16.9
376,Ghana,West Africa,2014,M,Urban,... for at least one specific reason,9.4
96,Ghana,West Africa,2014,M,Rural,... if she argues with him,7.9
96,Ghana,West Africa,2014,M,Urban,... if she argues with him,4.0
166,Ghana,West Africa,2014,M,Rural,... if she goes out without telling him,9.0
166,Ghana,West Africa,2014,M,Urban,... if she goes out without telling him,4.6
236,Ghana,West Africa,2014,M,Rural,... if she neglects the children,11.4
236,Ghana,West Africa,2014,M,Urban,... if she neglects the children,5.8
306,Ghana,West Africa,2014,M,Rural,... if she refuses to have sex with him,6.6
306,Ghana,West Africa,2014,M,Urban,... if she refuses to have sex with him,3.2
28,Guinea,West Africa,2018,F,Urban,... if she burns the food,15.9
28,Guinea,West Africa,2018,F,Rural,... if she burns the food,28.2
28,Guinea,West Africa,2018,M,Urban,... if she burns the food,13.9
28,Guinea,West Africa,2018,M,Rural,... if she burns the food,19.2
378,Guinea,West Africa,2018,F,Rural,... for at least one specific reason,70.8
378,Guinea,West Africa,2018,F,Urban,... for at least one specific reason,61.3
98,Guinea,West Africa,2018,F,Rural,... if she argues with him,54.4
98,Guinea,West Africa,2018,F,Urban,... if she argues with him,40.0
168,Guinea,West Africa,2018,F,Rural,... if she goes out without telling him,58.9
168,Guinea,West Africa,2018,F,Urban,... if she goes out without telling him,45.4
238,Guinea,West Africa,2018,F,Rural,... if she neglects the children,56.1
238,Guinea,West Africa,2018,F,Urban,... if she neglects the children,46.1
308,Guinea,West Africa,2018,F,Rural,... if she refuses to have sex with him,52.2
308,Guinea,West Africa,2018,F,Urban,... if she refuses to have sex with him,40.1
378,Guinea,West Africa,2018,M,Rural,... for at least one specific reason,60.4
378,Guinea,West Africa,2018,M,Urban,... for at least one specific reason,48.8
98,Guinea,West Africa,2018,M,Rural,... if she argues with him,38.0
98,Guinea,West Africa,2018,M,Urban,... if she argues with him,25.0
168,Guinea,West Africa,2018,M,Rural,... if she goes out without telling him,43.6
168,Guinea,West Africa,2018,M,Urban,... if she goes out without telling him,29.9
238,Guinea,West Africa,2018,M,Rural,... if she neglects the children,47.7
238,Guinea,West Africa,2018,M,Urban,... if she neglects the children,37.6
308,Guinea,West Africa,2018,M,Rural,... if she refuses to have sex with him,29.2
308,Guinea,West Africa,2018,M,Urban,... if she refuses to have sex with him,20.7
385,Kenya,East Africa,2014,F,Rural,... for at least one specific reason,49.1
385,Kenya,East Africa,2014,F,Urban,... for at least one specific reason,31.0
105,Kenya,East Africa,2014,F,Rural,... if she argues with him,25.9
105,Kenya,East Africa,2014,F,Urban,... if she argues with him,13.8
35,Kenya,East Africa,2014,F,Rural,... if she burns the food,9.5
35,Kenya,East Africa,2014,F,Urban,... if she burns the food,3.5
175,Kenya,East Africa,2014,F,Rural,... if she goes out without telling him,27.1
175,Kenya,East Africa,2014,F,Urban,... if she goes out without telling him,13.9
245,Kenya,East Africa,2014,F,Rural,... if she neglects the children,39.5
245,Kenya,East Africa,2014,F,Urban,... if she neglects the children,24.2
315,Kenya,East Africa,2014,F,Rural,... if she refuses to have sex with him,19.9
315,Kenya,East Africa,2014,F,Urban,... if she refuses to have sex with him,8.1
385,Kenya,East Africa,2014,M,Rural,... for at least one specific reason,37.0
385,Kenya,East Africa,2014,M,Urban,... for at least one specific reason,35.6
105,Kenya,East Africa,2014,M,Rural,... if she argues with him,21.1
105,Kenya,East Africa,2014,M,Urban,... if she argues with him,19.8
35,Kenya,East Africa,2014,M,Rural,... if she burns the food,5.1
35,Kenya,East Africa,2014,M,Urban,... if she burns the food,3.8
175,Kenya,East Africa,2014,M,Rural,... if she goes out without telling him,20.4
175,Kenya,East Africa,2014,M,Urban,... if she goes out without telling him,16.1
245,Kenya,East Africa,2014,M,Rural,... if she neglects the children,27.7
245,Kenya,East Africa,2014,M,Urban,... if she neglects the children,26.9
315,Kenya,East Africa,2014,M,Rural,... if she refuses to have sex with him,10.9
315,Kenya,East Africa,2014,M,Urban,... if she refuses to have sex with him,8.6
387,Lesotho,Southern Africa,2014,F,Rural,... for at least one specific reason,39.4
387,Lesotho,Southern Africa,2014,F,Urban,... for at least one specific reason,22.8
107,Lesotho,Southern Africa,2014,F,Rural,... if she argues with him,29.6
107,Lesotho,Southern Africa,2014,F,Urban,... if she argues with him,15.8
37,Lesotho,Southern Africa,2014,F,Rural,... if she burns the food,8.1
37,Lesotho,Southern Africa,2014,F,Urban,... if she burns the food,3.2
177,Lesotho,Southern Africa,2014,F,Rural,... if she goes out without telling him,13.5
177,Lesotho,Southern Africa,2014,F,Urban,... if she goes out without telling him,5.8
247,Lesotho,Southern Africa,2014,F,Rural,... if she neglects the children,25.6
247,Lesotho,Southern Africa,2014,F,Urban,... if she neglects the children,15.7
317,Lesotho,Southern Africa,2014,F,Rural,... if she refuses to have sex with him,12.1
317,Lesotho,Southern Africa,2014,F,Urban,... if she refuses to have sex with him,4.8
387,Lesotho,Southern Africa,2014,M,Rural,... for at least one specific reason,43.7
387,Lesotho,Southern Africa,2014,M,Urban,... for at least one specific reason,31.8
107,Lesotho,Southern Africa,2014,M,Rural,... if she argues with him,29.2
107,Lesotho,Southern Africa,2014,M,Urban,... if she argues with him,19.5
37,Lesotho,Southern Africa,2014,M,Rural,... if she burns the food,7.8
37,Lesotho,Southern Africa,2014,M,Urban,... if she burns the food,3.6
177,Lesotho,Southern Africa,2014,M,Rural,... if she goes out without telling him,18.7
177,Lesotho,Southern Africa,2014,M,Urban,... if she goes out without telling him,10.0
247,Lesotho,Southern Africa,2014,M,Rural,... if she neglects the children,28.6
247,Lesotho,Southern Africa,2014,M,Urban,... if she neglects the children,21.5
317,Lesotho,Southern Africa,2014,M,Rural,... if she refuses to have sex with him,11.4
317,Lesotho,Southern Africa,2014,M,Urban,... if she refuses to have sex with him,5.1
388,Liberia,West Africa,2013,F,Rural,... for at least one specific reason,48.5
388,Liberia,West Africa,2013,F,Urban,... for at least one specific reason,38.6
108,Liberia,West Africa,2013,F,Rural,... if she argues with him,37.3
108,Liberia,West Africa,2013,F,Urban,... if she argues with him,30.4
38,Liberia,West Africa,2013,F,Rural,... if she burns the food,9.5
38,Liberia,West Africa,2013,F,Urban,... if she burns the food,6.1
178,Liberia,West Africa,2013,F,Rural,... if she goes out without telling him,31.1
178,Liberia,West Africa,2013,F,Urban,... if she goes out without telling him,26.8
248,Liberia,West Africa,2013,F,Rural,... if she neglects the children,35.8
248,Liberia,West Africa,2013,F,Urban,... if she neglects the children,29.9
318,Liberia,West Africa,2013,F,Rural,... if she refuses to have sex with him,12.8
318,Liberia,West Africa,2013,F,Urban,... if she refuses to have sex with him,9.4
388,Liberia,West Africa,2013,M,Rural,... for at least one specific reason,29.5
388,Liberia,West Africa,2013,M,Urban,... for at least one specific reason,20.5
108,Liberia,West Africa,2013,M,Rural,... if she argues with him,20.7
108,Liberia,West Africa,2013,M,Urban,... if she argues with him,16.3
38,Liberia,West Africa,2013,M,Rural,... if she burns the food,3.5
38,Liberia,West Africa,2013,M,Urban,... if she burns the food,2.0
178,Liberia,West Africa,2013,M,Rural,... if she goes out without telling him,16.4
178,Liberia,West Africa,2013,M,Urban,... if she goes out without telling him,12.3
248,Liberia,West Africa,2013,M,Rural,... if she neglects the children,17.6
248,Liberia,West Africa,2013,M,Urban,... if she neglects the children,12.4
318,Liberia,West Africa,2013,M,Rural,... if she refuses to have sex with him,5.6
318,Liberia,West Africa,2013,M,Urban,... if she refuses to have sex with him,3.0
389,Madagascar,East Africa,2008,F,Rural,... for at least one specific reason,31.3
389,Madagascar,East Africa,2008,F,Urban,... for at least one specific reason,36.9
109,Madagascar,East Africa,2008,F,Rural,... if she argues with him,5.9
109,Madagascar,East Africa,2008,F,Urban,... if she argues with him,6.1
39,Madagascar,East Africa,2008,F,Rural,... if she burns the food,7.2
39,Madagascar,East Africa,2008,F,Urban,... if she burns the food,7.4
179,Madagascar,East Africa,2008,F,Rural,... if she goes out without telling him,19.0
179,Madagascar,East Africa,2008,F,Urban,... if she goes out without telling him,20.4
249,Madagascar,East Africa,2008,F,Rural,... if she neglects the children,27.3
249,Madagascar,East Africa,2008,F,Urban,... if she neglects the children,32.5
319,Madagascar,East Africa,2008,F,Rural,... if she refuses to have sex with him,9.3
319,Madagascar,East Africa,2008,F,Urban,... if she refuses to have sex with him,8.7
389,Madagascar,East Africa,2008,M,Rural,... for at least one specific reason,29.7
389,Madagascar,East Africa,2008,M,Urban,... for at least one specific reason,31.7
109,Madagascar,East Africa,2008,M,Rural,... if she argues with him,9.1
109,Madagascar,East Africa,2008,M,Urban,... if she argues with him,8.2
39,Madagascar,East Africa,2008,M,Rural,... if she burns the food,6.7
39,Madagascar,East Africa,2008,M,Urban,... if she burns the food,4.9
179,Madagascar,East Africa,2008,M,Rural,... if she goes out without telling him,19.4
179,Madagascar,East Africa,2008,M,Urban,... if she goes out without telling him,16.2
249,Madagascar,East Africa,2008,M,Rural,... if she neglects the children,23.7
249,Madagascar,East Africa,2008,M,Urban,... if she neglects the children,26.8
319,Madagascar,East Africa,2008,M,Rural,... if she refuses to have sex with him,8.3
319,Madagascar,East Africa,2008,M,Urban,... if she refuses to have sex with him,7.1
390,Malawi,Southern Africa,2015,F,Rural,... for at least one specific reason,17.6
390,Malawi,Southern Africa,2015,F,Urban,... for at least one specific reason,10.5
110,Malawi,Southern Africa,2015,F,Rural,... if she argues with him,7.5
110,Malawi,Southern Africa,2015,F,Urban,... if she argues with him,3.3
40,Malawi,Southern Africa,2015,F,Rural,... if she burns the food,6.2
40,Malawi,Southern Africa,2015,F,Urban,... if she burns the food,2.6
180,Malawi,Southern Africa,2015,F,Rural,... if she goes out without telling him,7.5
180,Malawi,Southern Africa,2015,F,Urban,... if she goes out without telling him,4.4
250,Malawi,Southern Africa,2015,F,Rural,... if she neglects the children,9.5
250,Malawi,Southern Africa,2015,F,Urban,... if she neglects the children,5.4
320,Malawi,Southern Africa,2015,F,Rural,... if she refuses to have sex with him,9.3
320,Malawi,Southern Africa,2015,F,Urban,... if she refuses to have sex with him,4.1
390,Malawi,Southern Africa,2015,M,Rural,... for at least one specific reason,13.9
390,Malawi,Southern Africa,2015,M,Urban,... for at least one specific reason,9.0
110,Malawi,Southern Africa,2015,M,Rural,... if she argues with him,5.7
110,Malawi,Southern Africa,2015,M,Urban,... if she argues with him,3.4
40,Malawi,Southern Africa,2015,M,Rural,... if she burns the food,2.6
40,Malawi,Southern Africa,2015,M,Urban,... if she burns the food,0.9
180,Malawi,Southern Africa,2015,M,Rural,... if she goes out without telling him,5.1
180,Malawi,Southern Africa,2015,M,Urban,... if she goes out without telling him,3.3
250,Malawi,Southern Africa,2015,M,Rural,... if she neglects the children,6.9
250,Malawi,Southern Africa,2015,M,Urban,... if she neglects the children,4.2
320,Malawi,Southern Africa,2015,M,Rural,... if she refuses to have sex with him,5.6
320,Malawi,Southern Africa,2015,M,Urban,... if she refuses to have sex with him,1.4
392,Mali,West Africa,2018,F,Rural,... for at least one specific reason,81.2
392,Mali,West Africa,2018,F,Urban,... for at least one specific reason,74.4
112,Mali,West Africa,2018,F,Rural,... if she argues with him,70.6
112,Mali,West Africa,2018,F,Urban,... if she argues with him,62.6
42,Mali,West Africa,2018,F,Rural,... if she burns the food,26.1
42,Mali,West Africa,2018,F,Urban,... if she burns the food,12.9
182,Mali,West Africa,2018,F,Rural,... if she goes out without telling him,57.2
182,Mali,West Africa,2018,F,Urban,... if she goes out without telling him,44.3
252,Mali,West Africa,2018,F,Rural,... if she neglects the children,54.9
252,Mali,West Africa,2018,F,Urban,... if she neglects the children,42.9
322,Mali,West Africa,2018,F,Rural,... if she refuses to have sex with him,65.8
322,Mali,West Africa,2018,F,Urban,... if she refuses to have sex with him,54.6
392,Mali,West Africa,2018,M,Rural,... for at least one specific reason,52.8
392,Mali,West Africa,2018,M,Urban,... for at least one specific reason,31.1
112,Mali,West Africa,2018,M,Rural,... if she argues with him,43.7
112,Mali,West Africa,2018,M,Urban,... if she argues with him,23.8
42,Mali,West Africa,2018,M,Rural,... if she burns the food,13.7
42,Mali,West Africa,2018,M,Urban,... if she burns the food,5.0
182,Mali,West Africa,2018,M,Rural,... if she goes out without telling him,25.1
182,Mali,West Africa,2018,M,Urban,... if she goes out without telling him,13.6
252,Mali,West Africa,2018,M,Rural,... if she neglects the children,28.4
252,Mali,West Africa,2018,M,Urban,... if she neglects the children,16.2
322,Mali,West Africa,2018,M,Rural,... if she refuses to have sex with him,28.7
322,Mali,West Africa,2018,M,Urban,... if she refuses to have sex with him,10.5
394,Morocco,North Africa,2003,F,Rural,... for at least one specific reason,81.9
394,Morocco,North Africa,2003,F,Urban,... for at least one specific reason,52.1
114,Morocco,North Africa,2003,F,Rural,... if she argues with him,70.5
114,Morocco,North Africa,2003,F,Urban,... if she argues with him,37.9
44,Morocco,North Africa,2003,F,Rural,... if she burns the food,40.8
44,Morocco,North Africa,2003,F,Urban,... if she burns the food,12.4
184,Morocco,North Africa,2003,F,Rural,... if she goes out without telling him,72.4
184,Morocco,North Africa,2003,F,Urban,... if she goes out without telling him,34.6
254,Morocco,North Africa,2003,F,Rural,... if she neglects the children,70.0
254,Morocco,North Africa,2003,F,Urban,... if she neglects the children,35.9
324,Morocco,North Africa,2003,F,Rural,... if she refuses to have sex with him,61.9
324,Morocco,North Africa,2003,F,Urban,... if she refuses to have sex with him,30.3
394,Morocco,North Africa,2003,M,Rural,... for at least one specific reason,
394,Morocco,North Africa,2003,M,Urban,... for at least one specific reason,
114,Morocco,North Africa,2003,M,Rural,... if she argues with him,
114,Morocco,North Africa,2003,M,Urban,... if she argues with him,
44,Morocco,North Africa,2003,M,Rural,... if she burns the food,
44,Morocco,North Africa,2003,M,Urban,... if she burns the food,
184,Morocco,North Africa,2003,M,Rural,... if she goes out without telling him,
184,Morocco,North Africa,2003,M,Urban,... if she goes out without telling him,
254,Morocco,North Africa,2003,M,Rural,... if she neglects the children,
254,Morocco,North Africa,2003,M,Urban,... if she neglects the children,
324,Morocco,North Africa,2003,M,Rural,... if she refuses to have sex with him,
324,Morocco,North Africa,2003,M,Urban,... if she refuses to have sex with him,
395,Mozambique,Southern Africa,2015,F,Rural,... for at least one specific reason,14.1
395,Mozambique,Southern Africa,2015,F,Urban,... for at least one specific reason,11.7
115,Mozambique,Southern Africa,2015,F,Rural,... if she argues with him,7.2
115,Mozambique,Southern Africa,2015,F,Urban,... if she argues with him,5.4
45,Mozambique,Southern Africa,2015,F,Rural,... if she burns the food,2.7
45,Mozambique,Southern Africa,2015,F,Urban,... if she burns the food,1.8
185,Mozambique,Southern Africa,2015,F,Rural,... if she goes out without telling him,8.1
185,Mozambique,Southern Africa,2015,F,Urban,... if she goes out without telling him,6.4
255,Mozambique,Southern Africa,2015,F,Rural,... if she neglects the children,4.1
255,Mozambique,Southern Africa,2015,F,Urban,... if she neglects the children,4.5
325,Mozambique,Southern Africa,2015,F,Rural,... if she refuses to have sex with him,6.2
325,Mozambique,Southern Africa,2015,F,Urban,... if she refuses to have sex with him,3.9
395,Mozambique,Southern Africa,2015,M,Rural,... for at least one specific reason,17.8
395,Mozambique,Southern Africa,2015,M,Urban,... for at least one specific reason,14.8
115,Mozambique,Southern Africa,2015,M,Rural,... if she argues with him,9.3
115,Mozambique,Southern Africa,2015,M,Urban,... if she argues with him,7.7
45,Mozambique,Southern Africa,2015,M,Rural,... if she burns the food,5.8
45,Mozambique,Southern Africa,2015,M,Urban,... if she burns the food,4.9
185,Mozambique,Southern Africa,2015,M,Rural,... if she goes out without telling him,8.3
185,Mozambique,Southern Africa,2015,M,Urban,... if she goes out without telling him,6.7
255,Mozambique,Southern Africa,2015,M,Rural,... if she neglects the children,7.7
255,Mozambique,Southern Africa,2015,M,Urban,... if she neglects the children,7.2
325,Mozambique,Southern Africa,2015,M,Rural,... if she refuses to have sex with him,8.0
325,Mozambique,Southern Africa,2015,M,Urban,... if she refuses to have sex with him,4.7
397,Namibia,Southern Africa,2013,F,Rural,... for at least one specific reason,37.0
397,Namibia,Southern Africa,2013,F,Urban,... for at least one specific reason,21.5
117,Namibia,Southern Africa,2013,F,Rural,... if she argues with him,15.7
117,Namibia,Southern Africa,2013,F,Urban,... if she argues with him,8.4
47,Namibia,Southern Africa,2013,F,Rural,... if she burns the food,15.8
47,Namibia,Southern Africa,2013,F,Urban,... if she burns the food,5.6
187,Namibia,Southern Africa,2013,F,Rural,... if she goes out without telling him,18.6
187,Namibia,Southern Africa,2013,F,Urban,... if she goes out without telling him,8.6
257,Namibia,Southern Africa,2013,F,Rural,... if she neglects the children,26.1
257,Namibia,Southern Africa,2013,F,Urban,... if she neglects the children,15.1
327,Namibia,Southern Africa,2013,F,Rural,... if she refuses to have sex with him,11.6
327,Namibia,Southern Africa,2013,F,Urban,... if she refuses to have sex with him,4.9
397,Namibia,Southern Africa,2013,M,Rural,... for at least one specific reason,28.3
397,Namibia,Southern Africa,2013,M,Urban,... for at least one specific reason,17.1
117,Namibia,Southern Africa,2013,M,Rural,... if she argues with him,11.5
117,Namibia,Southern Africa,2013,M,Urban,... if she argues with him,7.7
47,Namibia,Southern Africa,2013,M,Rural,... if she burns the food,7.2
47,Namibia,Southern Africa,2013,M,Urban,... if she burns the food,2.7
187,Namibia,Southern Africa,2013,M,Rural,... if she goes out without telling him,12.7
187,Namibia,Southern Africa,2013,M,Urban,... if she goes out without telling him,7.4
257,Namibia,Southern Africa,2013,M,Rural,... if she neglects the children,17.7
257,Namibia,Southern Africa,2013,M,Urban,... if she neglects the children,11.8
327,Namibia,Southern Africa,2013,M,Rural,... if she refuses to have sex with him,4.4
327,Namibia,Southern Africa,2013,M,Urban,... if she refuses to have sex with him,1.8
400,Niger,West Africa,2012,F,Rural,... for at least one specific reason,62.1
400,Niger,West Africa,2012,F,Urban,... for at least one specific reason,48.6
120,Niger,West Africa,2012,F,Rural,... if she argues with him,53.7
120,Niger,West Africa,2012,F,Urban,... if she argues with him,36.2
50,Niger,West Africa,2012,F,Rural,... if she burns the food,38.5
50,Niger,West Africa,2012,F,Urban,... if she burns the food,17.7
190,Niger,West Africa,2012,F,Rural,... if she goes out without telling him,46.4
190,Niger,West Africa,2012,F,Urban,... if she goes out without telling him,26.7
260,Niger,West Africa,2012,F,Rural,... if she neglects the children,46.0
260,Niger,West Africa,2012,F,Urban,... if she neglects the children,24.8
330,Niger,West Africa,2012,F,Rural,... if she refuses to have sex with him,54.0
330,Niger,West Africa,2012,F,Urban,... if she refuses to have sex with him,33.2
400,Niger,West Africa,2012,M,Rural,... for at least one specific reason,27.5
400,Niger,West Africa,2012,M,Urban,... for at least one specific reason,25.0
120,Niger,West Africa,2012,M,Rural,... if she argues with him,20.5
120,Niger,West Africa,2012,M,Urban,... if she argues with him,17.6
50,Niger,West Africa,2012,M,Rural,... if she burns the food,9.2
50,Niger,West Africa,2012,M,Urban,... if she burns the food,8.8
190,Niger,West Africa,2012,M,Rural,... if she goes out without telling him,16.9
190,Niger,West Africa,2012,M,Urban,... if she goes out without telling him,12.7
260,Niger,West Africa,2012,M,Rural,... if she neglects the children,15.9
260,Niger,West Africa,2012,M,Urban,... if she neglects the children,14.7
330,Niger,West Africa,2012,M,Rural,... if she refuses to have sex with him,14.8
330,Niger,West Africa,2012,M,Urban,... if she refuses to have sex with him,11.0
401,Nigeria,West Africa,2013,F,Rural,... for at least one specific reason,41.2
401,Nigeria,West Africa,2013,F,Urban,... for at least one specific reason,25.9
121,Nigeria,West Africa,2013,F,Rural,... if she argues with him,25.9
121,Nigeria,West Africa,2013,F,Urban,... if she argues with him,15.0
51,Nigeria,West Africa,2013,F,Rural,... if she burns the food,18.9
51,Nigeria,West Africa,2013,F,Urban,... if she burns the food,7.8
191,Nigeria,West Africa,2013,F,Rural,... if she goes out without telling him,31.7
191,Nigeria,West Africa,2013,F,Urban,... if she goes out without telling him,16.5
261,Nigeria,West Africa,2013,F,Rural,... if she neglects the children,29.0
261,Nigeria,West Africa,2013,F,Urban,... if she neglects the children,18.6
331,Nigeria,West Africa,2013,F,Rural,... if she refuses to have sex with him,25.0
331,Nigeria,West Africa,2013,F,Urban,... if she refuses to have sex with him,10.3
401,Nigeria,West Africa,2013,M,Rural,... for at least one specific reason,28.7
401,Nigeria,West Africa,2013,M,Urban,... for at least one specific reason,19.4
121,Nigeria,West Africa,2013,M,Rural,... if she argues with him,15.8
121,Nigeria,West Africa,2013,M,Urban,... if she argues with him,9.5
51,Nigeria,West Africa,2013,M,Rural,... if she burns the food,10.1
51,Nigeria,West Africa,2013,M,Urban,... if she burns the food,5.0
191,Nigeria,West Africa,2013,M,Rural,... if she goes out without telling him,16.2
191,Nigeria,West Africa,2013,M,Urban,... if she goes out without telling him,9.6
261,Nigeria,West Africa,2013,M,Rural,... if she neglects the children,16.0
261,Nigeria,West Africa,2013,M,Urban,... if she neglects the children,11.1
331,Nigeria,West Africa,2013,M,Rural,... if she refuses to have sex with him,14.6
331,Nigeria,West Africa,2013,M,Urban,... if she refuses to have sex with him,6.7
405,Rwanda,East Africa,2014,F,Rural,... for at least one specific reason,45.8
405,Rwanda,East Africa,2014,F,Urban,... for at least one specific reason,23.1
125,Rwanda,East Africa,2014,F,Rural,... if she argues with him,22.5
125,Rwanda,East Africa,2014,F,Urban,... if she argues with him,12.0
55,Rwanda,East Africa,2014,F,Rural,... if she burns the food,10.1
55,Rwanda,East Africa,2014,F,Urban,... if she burns the food,3.9
195,Rwanda,East Africa,2014,F,Rural,... if she goes out without telling him,24.6
195,Rwanda,East Africa,2014,F,Urban,... if she goes out without telling him,12.7
265,Rwanda,East Africa,2014,F,Rural,... if she neglects the children,32.7
265,Rwanda,East Africa,2014,F,Urban,... if she neglects the children,15.8
335,Rwanda,East Africa,2014,F,Rural,... if she refuses to have sex with him,27.1
335,Rwanda,East Africa,2014,F,Urban,... if she refuses to have sex with him,13.1
405,Rwanda,East Africa,2014,M,Rural,... for at least one specific reason,19.1
405,Rwanda,East Africa,2014,M,Urban,... for at least one specific reason,13.0
125,Rwanda,East Africa,2014,M,Rural,... if she argues with him,5.8
125,Rwanda,East Africa,2014,M,Urban,... if she argues with him,3.8
55,Rwanda,East Africa,2014,M,Rural,... if she burns the food,1.7
55,Rwanda,East Africa,2014,M,Urban,... if she burns the food,1.4
195,Rwanda,East Africa,2014,M,Rural,... if she goes out without telling him,7.4
195,Rwanda,East Africa,2014,M,Urban,... if she goes out without telling him,5.4
265,Rwanda,East Africa,2014,M,Rural,... if she neglects the children,12.7
265,Rwanda,East Africa,2014,M,Urban,... if she neglects the children,10.2
335,Rwanda,East Africa,2014,M,Rural,... if she refuses to have sex with him,7.5
335,Rwanda,East Africa,2014,M,Urban,... if she refuses to have sex with him,3.5
406,Sao Tome and Principe,Central Africa,2008,F,Rural,... for at least one specific reason,19.8
406,Sao Tome and Principe,Central Africa,2008,F,Urban,... for at least one specific reason,19.3
126,Sao Tome and Principe,Central Africa,2008,F,Rural,... if she argues with him,6.1
126,Sao Tome and Principe,Central Africa,2008,F,Urban,... if she argues with him,7.7
56,Sao Tome and Principe,Central Africa,2008,F,Rural,... if she burns the food,6.3
56,Sao Tome and Principe,Central Africa,2008,F,Urban,... if she burns the food,6.5
196,Sao Tome and Principe,Central Africa,2008,F,Rural,... if she goes out without telling him,10.2
196,Sao Tome and Principe,Central Africa,2008,F,Urban,... if she goes out without telling him,10.2
266,Sao Tome and Principe,Central Africa,2008,F,Rural,... if she neglects the children,11.8
266,Sao Tome and Principe,Central Africa,2008,F,Urban,... if she neglects the children,11.7
336,Sao Tome and Principe,Central Africa,2008,F,Rural,... if she refuses to have sex with him,6.5
336,Sao Tome and Principe,Central Africa,2008,F,Urban,... if she refuses to have sex with him,4.9
406,Sao Tome and Principe,Central Africa,2008,M,Rural,... for at least one specific reason,26.3
406,Sao Tome and Principe,Central Africa,2008,M,Urban,... for at least one specific reason,16.8
126,Sao Tome and Principe,Central Africa,2008,M,Rural,... if she argues with him,10.9
126,Sao Tome and Principe,Central Africa,2008,M,Urban,... if she argues with him,9.2
56,Sao Tome and Principe,Central Africa,2008,M,Rural,... if she burns the food,7.5
56,Sao Tome and Principe,Central Africa,2008,M,Urban,... if she burns the food,5.4
196,Sao Tome and Principe,Central Africa,2008,M,Rural,... if she goes out without telling him,15.4
196,Sao Tome and Principe,Central Africa,2008,M,Urban,... if she goes out without telling him,7.8
266,Sao Tome and Principe,Central Africa,2008,M,Rural,... if she neglects the children,17.7
266,Sao Tome and Principe,Central Africa,2008,M,Urban,... if she neglects the children,10.1
336,Sao Tome and Principe,Central Africa,2008,M,Rural,... if she refuses to have sex with him,6.3
336,Sao Tome and Principe,Central Africa,2008,M,Urban,... if she refuses to have sex with him,4.6
407,Senegal,West Africa,2017,F,Rural,... for at least one specific reason,59.7
407,Senegal,West Africa,2017,F,Urban,... for at least one specific reason,31.6
127,Senegal,West Africa,2017,F,Rural,... if she argues with him,49.2
127,Senegal,West Africa,2017,F,Urban,... if she argues with him,21.5
57,Senegal,West Africa,2017,F,Rural,... if she burns the food,30.9
57,Senegal,West Africa,2017,F,Urban,... if she burns the food,13.2
197,Senegal,West Africa,2017,F,Rural,... if she goes out without telling him,47.4
197,Senegal,West Africa,2017,F,Urban,... if she goes out without telling him,18.9
267,Senegal,West Africa,2017,F,Rural,... if she neglects the children,47.1
267,Senegal,West Africa,2017,F,Urban,... if she neglects the children,23.5
337,Senegal,West Africa,2017,F,Rural,... if she refuses to have sex with him,50.5
337,Senegal,West Africa,2017,F,Urban,... if she refuses to have sex with him,19.6
407,Senegal,West Africa,2017,M,Rural,... for at least one specific reason,37.6
407,Senegal,West Africa,2017,M,Urban,... for at least one specific reason,19.0
127,Senegal,West Africa,2017,M,Rural,... if she argues with him,25.4
127,Senegal,West Africa,2017,M,Urban,... if she argues with him,12.8
57,Senegal,West Africa,2017,M,Rural,... if she burns the food,10.3
57,Senegal,West Africa,2017,M,Urban,... if she burns the food,2.9
197,Senegal,West Africa,2017,M,Rural,... if she goes out without telling him,20.9
197,Senegal,West Africa,2017,M,Urban,... if she goes out without telling him,8.0
267,Senegal,West Africa,2017,M,Rural,... if she neglects the children,24.3
267,Senegal,West Africa,2017,M,Urban,... if she neglects the children,10.4
337,Senegal,West Africa,2017,M,Rural,... if she refuses to have sex with him,17.9
337,Senegal,West Africa,2017,M,Urban,... if she refuses to have sex with him,5.5
408,Sierra Leone,West Africa,2013,F,Rural,... for at least one specific reason,66.6
408,Sierra Leone,West Africa,2013,F,Urban,... for at least one specific reason,55.9
128,Sierra Leone,West Africa,2013,F,Rural,... if she argues with him,52.9
128,Sierra Leone,West Africa,2013,F,Urban,... if she argues with him,37.9
58,Sierra Leone,West Africa,2013,F,Rural,... if she burns the food,22.3
58,Sierra Leone,West Africa,2013,F,Urban,... if she burns the food,11.0
198,Sierra Leone,West Africa,2013,F,Rural,... if she goes out without telling him,57.3
198,Sierra Leone,West Africa,2013,F,Urban,... if she goes out without telling him,45.0
268,Sierra Leone,West Africa,2013,F,Rural,... if she neglects the children,57.5
268,Sierra Leone,West Africa,2013,F,Urban,... if she neglects the children,44.6
338,Sierra Leone,West Africa,2013,F,Rural,... if she refuses to have sex with him,30.7
338,Sierra Leone,West Africa,2013,F,Urban,... if she refuses to have sex with him,16.9
408,Sierra Leone,West Africa,2013,M,Rural,... for at least one specific reason,37.7
408,Sierra Leone,West Africa,2013,M,Urban,... for at least one specific reason,28.5
128,Sierra Leone,West Africa,2013,M,Rural,... if she argues with him,26.9
128,Sierra Leone,West Africa,2013,M,Urban,... if she argues with him,20.0
58,Sierra Leone,West Africa,2013,M,Rural,... if she burns the food,4.5
58,Sierra Leone,West Africa,2013,M,Urban,... if she burns the food,5.3
198,Sierra Leone,West Africa,2013,M,Rural,... if she goes out without telling him,23.0
198,Sierra Leone,West Africa,2013,M,Urban,... if she goes out without telling him,14.5
268,Sierra Leone,West Africa,2013,M,Rural,... if she neglects the children,25.8
268,Sierra Leone,West Africa,2013,M,Urban,... if she neglects the children,16.6
338,Sierra Leone,West Africa,2013,M,Rural,... if she refuses to have sex with him,11.1
338,Sierra Leone,West Africa,2013,M,Urban,... if she refuses to have sex with him,7.1
409,South Africa,Southern Africa,2016,F,Rural,... for at least one specific reason,8.2
409,South Africa,Southern Africa,2016,F,Urban,... for at least one specific reason,4.2
129,South Africa,Southern Africa,2016,F,Rural,... if she argues with him,3.9
129,South Africa,Southern Africa,2016,F,Urban,... if she argues with him,1.4
59,South Africa,Southern Africa,2016,F,Rural,... if she burns the food,1.4
59,South Africa,Southern Africa,2016,F,Urban,... if she burns the food,0.7
199,South Africa,Southern Africa,2016,F,Rural,... if she goes out without telling him,3.2
199,South Africa,Southern Africa,2016,F,Urban,... if she goes out without telling him,1.6
269,South Africa,Southern Africa,2016,F,Rural,... if she neglects the children,5.5
269,South Africa,Southern Africa,2016,F,Urban,... if she neglects the children,3.0
339,South Africa,Southern Africa,2016,F,Rural,... if she refuses to have sex with him,1.5
339,South Africa,Southern Africa,2016,F,Urban,... if she refuses to have sex with him,0.7
409,South Africa,Southern Africa,2016,M,Rural,... for at least one specific reason,14.9
409,South Africa,Southern Africa,2016,M,Urban,... for at least one specific reason,6.6
129,South Africa,Southern Africa,2016,M,Rural,... if she argues with him,7.1
129,South Africa,Southern Africa,2016,M,Urban,... if she argues with him,2.2
59,South Africa,Southern Africa,2016,M,Rural,... if she burns the food,2.7
59,South Africa,Southern Africa,2016,M,Urban,... if she burns the food,1.2
199,South Africa,Southern Africa,2016,M,Rural,... if she goes out without telling him,6.0
199,South Africa,Southern Africa,2016,M,Urban,... if she goes out without telling him,2.7
269,South Africa,Southern Africa,2016,M,Rural,... if she neglects the children,10.1
269,South Africa,Southern Africa,2016,M,Urban,... if she neglects the children,4.2
339,South Africa,Southern Africa,2016,M,Rural,... if she refuses to have sex with him,2.6
339,South Africa,Southern Africa,2016,M,Urban,... if she refuses to have sex with him,1.1
411,Tanzania,East Africa,2015,F,Rural,... for at least one specific reason,62.1
411,Tanzania,East Africa,2015,F,Urban,... for at least one specific reason,50.8
131,Tanzania,East Africa,2015,F,Rural,... if she argues with him,46.5
131,Tanzania,East Africa,2015,F,Urban,... if she argues with him,34.1
61,Tanzania,East Africa,2015,F,Rural,... if she burns the food,24.3
61,Tanzania,East Africa,2015,F,Urban,... if she burns the food,12.8
201,Tanzania,East Africa,2015,F,Rural,... if she goes out without telling him,45.8
201,Tanzania,East Africa,2015,F,Urban,... if she goes out without telling him,32.2
271,Tanzania,East Africa,2015,F,Rural,... if she neglects the children,51.7
271,Tanzania,East Africa,2015,F,Urban,... if she neglects the children,41.2
341,Tanzania,East Africa,2015,F,Rural,... if she refuses to have sex with him,35.7
341,Tanzania,East Africa,2015,F,Urban,... if she refuses to have sex with him,21.2
411,Tanzania,East Africa,2015,M,Rural,... for at least one specific reason,40.9
411,Tanzania,East Africa,2015,M,Urban,... for at least one specific reason,37.3
131,Tanzania,East Africa,2015,M,Rural,... if she argues with him,26.1
131,Tanzania,East Africa,2015,M,Urban,... if she argues with him,21.6
61,Tanzania,East Africa,2015,M,Rural,... if she burns the food,7.5
61,Tanzania,East Africa,2015,M,Urban,... if she burns the food,4.4
201,Tanzania,East Africa,2015,M,Rural,... if she goes out without telling him,24.6
201,Tanzania,East Africa,2015,M,Urban,... if she goes out without telling him,19.3
271,Tanzania,East Africa,2015,M,Rural,... if she neglects the children,32.3
271,Tanzania,East Africa,2015,M,Urban,... if she neglects the children,28.0
341,Tanzania,East Africa,2015,M,Rural,... if she refuses to have sex with him,15.9
341,Tanzania,East Africa,2015,M,Urban,... if she refuses to have sex with him,10.0
413,Togo,West Africa,2013,F,Rural,... for at least one specific reason,35.6
413,Togo,West Africa,2013,F,Urban,... for at least one specific reason,20.5
133,Togo,West Africa,2013,F,Rural,... if she argues with him,24.1
133,Togo,West Africa,2013,F,Urban,... if she argues with him,13.9
63,Togo,West Africa,2013,F,Rural,... if she burns the food,15.3
63,Togo,West Africa,2013,F,Urban,... if she burns the food,6.3
203,Togo,West Africa,2013,F,Rural,... if she goes out without telling him,23.3
203,Togo,West Africa,2013,F,Urban,... if she goes out without telling him,11.3
273,Togo,West Africa,2013,F,Rural,... if she neglects the children,24.4
273,Togo,West Africa,2013,F,Urban,... if she neglects the children,12.3
343,Togo,West Africa,2013,F,Rural,... if she refuses to have sex with him,12.6
343,Togo,West Africa,2013,F,Urban,... if she refuses to have sex with him,6.0
413,Togo,West Africa,2013,M,Rural,... for at least one specific reason,23.4
413,Togo,West Africa,2013,M,Urban,... for at least one specific reason,11.6
133,Togo,West Africa,2013,M,Rural,... if she argues with him,13.2
133,Togo,West Africa,2013,M,Urban,... if she argues with him,6.3
63,Togo,West Africa,2013,M,Rural,... if she burns the food,8.5
63,Togo,West Africa,2013,M,Urban,... if she burns the food,2.6
203,Togo,West Africa,2013,M,Rural,... if she goes out without telling him,12.5
203,Togo,West Africa,2013,M,Urban,... if she goes out without telling him,6.0
273,Togo,West Africa,2013,M,Rural,... if she neglects the children,15.6
273,Togo,West Africa,2013,M,Urban,... if she neglects the children,6.9
343,Togo,West Africa,2013,M,Rural,... if she refuses to have sex with him,7.1
343,Togo,West Africa,2013,M,Urban,... if she refuses to have sex with him,2.6
416,Uganda,East Africa,2016,F,Rural,... for at least one specific reason,52.4
416,Uganda,East Africa,2016,F,Urban,... for at least one specific reason,39.6
136,Uganda,East Africa,2016,F,Rural,... if she argues with him,29.2
136,Uganda,East Africa,2016,F,Urban,... if she argues with him,17.8
66,Uganda,East Africa,2016,F,Rural,... if she burns the food,15.5
66,Uganda,East Africa,2016,F,Urban,... if she burns the food,8.4
206,Uganda,East Africa,2016,F,Rural,... if she goes out without telling him,32.9
206,Uganda,East Africa,2016,F,Urban,... if she goes out without telling him,22.2
276,Uganda,East Africa,2016,F,Rural,... if she neglects the children,41.4
276,Uganda,East Africa,2016,F,Urban,... if she neglects the children,30.6
346,Uganda,East Africa,2016,F,Rural,... if she refuses to have sex with him,20.8
346,Uganda,East Africa,2016,F,Urban,... if she refuses to have sex with him,10.4
416,Uganda,East Africa,2016,M,Rural,... for at least one specific reason,43.0
416,Uganda,East Africa,2016,M,Urban,... for at least one specific reason,32.9
136,Uganda,East Africa,2016,M,Rural,... if she argues with him,25.2
136,Uganda,East Africa,2016,M,Urban,... if she argues with him,17.6
66,Uganda,East Africa,2016,M,Rural,... if she burns the food,8.6
66,Uganda,East Africa,2016,M,Urban,... if she burns the food,3.4
206,Uganda,East Africa,2016,M,Rural,... if she goes out without telling him,24.1
206,Uganda,East Africa,2016,M,Urban,... if she goes out without telling him,16.4
276,Uganda,East Africa,2016,M,Rural,... if she neglects the children,30.5
276,Uganda,East Africa,2016,M,Urban,... if she neglects the children,21.9
346,Uganda,East Africa,2016,M,Rural,... if she refuses to have sex with him,13.2
346,Uganda,East Africa,2016,M,Urban,... if she refuses to have sex with him,7.0
419,Zambia,Southern Africa,2013,F,Rural,... for at least one specific reason,57.1
419,Zambia,Southern Africa,2013,F,Urban,... for at least one specific reason,34.9
139,Zambia,Southern Africa,2013,F,Rural,... if she argues with him,42.2
139,Zambia,Southern Africa,2013,F,Urban,... if she argues with him,23.5
69,Zambia,Southern Africa,2013,F,Rural,... if she burns the food,32.1
69,Zambia,Southern Africa,2013,F,Urban,... if she burns the food,13.5
209,Zambia,Southern Africa,2013,F,Rural,... if she goes out without telling him,37.5
209,Zambia,Southern Africa,2013,F,Urban,... if she goes out without telling him,20.7
279,Zambia,Southern Africa,2013,F,Rural,... if she neglects the children,40.9
279,Zambia,Southern Africa,2013,F,Urban,... if she neglects the children,24.0
349,Zambia,Southern Africa,2013,F,Rural,... if she refuses to have sex with him,37.5
349,Zambia,Southern Africa,2013,F,Urban,... if she refuses to have sex with him,18.8
419,Zambia,Southern Africa,2013,M,Rural,... for at least one specific reason,37.6
419,Zambia,Southern Africa,2013,M,Urban,... for at least one specific reason,25.0
139,Zambia,Southern Africa,2013,M,Rural,... if she argues with him,23.9
139,Zambia,Southern Africa,2013,M,Urban,... if she argues with him,15.4
69,Zambia,Southern Africa,2013,M,Rural,... if she burns the food,9.3
69,Zambia,Southern Africa,2013,M,Urban,... if she burns the food,5.1
209,Zambia,Southern Africa,2013,M,Rural,... if she goes out without telling him,19.0
209,Zambia,Southern Africa,2013,M,Urban,... if she goes out without telling him,12.7
279,Zambia,Southern Africa,2013,M,Rural,... if she neglects the children,23.4
279,Zambia,Southern Africa,2013,M,Urban,... if she neglects the children,15.6
349,Zambia,Southern Africa,2013,M,Rural,... if she refuses to have sex with him,13.2
349,Zambia,Southern Africa,2013,M,Urban,... if she refuses to have sex with him,7.7
420,Zimbabwe,Southern Africa,2015,F,Rural,... for at least one specific reason,44.9
420,Zimbabwe,Southern Africa,2015,F,Urban,... for at least one specific reason,28.8
140,Zimbabwe,Southern Africa,2015,F,Rural,... if she argues with him,20.4
140,Zimbabwe,Southern Africa,2015,F,Urban,... if she argues with him,10.7
70,Zimbabwe,Southern Africa,2015,F,Rural,... if she burns the food,10.5
70,Zimbabwe,Southern Africa,2015,F,Urban,... if she burns the food,4.2
210,Zimbabwe,Southern Africa,2015,F,Rural,... if she goes out without telling him,28.3
210,Zimbabwe,Southern Africa,2015,F,Urban,... if she goes out without telling him,14.2
280,Zimbabwe,Southern Africa,2015,F,Rural,... if she neglects the children,24.3
280,Zimbabwe,Southern Africa,2015,F,Urban,... if she neglects the children,16.7
350,Zimbabwe,Southern Africa,2015,F,Rural,... if she refuses to have sex with him,18.2
350,Zimbabwe,Southern Africa,2015,F,Urban,... if she refuses to have sex with him,8.6
420,Zimbabwe,Southern Africa,2015,M,Rural,... for at least one specific reason,37.2
420,Zimbabwe,Southern Africa,2015,M,Urban,... for at least one specific reason,25.0
140,Zimbabwe,Southern Africa,2015,M,Rural,... if she argues with him,16.8
140,Zimbabwe,Southern Africa,2015,M,Urban,... if she argues with him,8.8
70,Zimbabwe,Southern Africa,2015,M,Rural,... if she burns the food,7.9
70,Zimbabwe,Southern Africa,2015,M,Urban,... if she burns the food,2.3
210,Zimbabwe,Southern Africa,2015,M,Rural,... if she goes out without telling him,21.0
210,Zimbabwe,Southern Africa,2015,M,Urban,... if she goes out without telling him,11.8
280,Zimbabwe,Southern Africa,2015,M,Rural,... if she neglects the children,20.1
280,Zimbabwe,Southern Africa,2015,M,Urban,... if she neglects the children,15.0
350,Zimbabwe,Southern Africa,2015,M,Rural,... if she refuses to have sex with him,7.2
350,Zimbabwe,Southern Africa,2015,M,Urban,... if she refuses to have sex with him,3.7
